"","prob_init","prob_follow","change","proportion"
"wfit",0.704581967983458,0.236899041752993,0.395973371477962,0.613535814509192
"wofit",0.488381338150708,0.27786306779933,0.632172645911064,0.180032318163268
