"","crc_pvalue","adn_pvalue","crc_BH","adn_BH"
"porp",0.00210524537077069,0.308063229907199,0.00771458565988507,0.410750973209598
"fn",0.168166829372509,0.187401192001721,0.168166829372509,0.374802384003441
"parv",0.00385729282994253,0.0775561667436655,0.00771458565988507,0.310224666974662
"pept",0.020658377241239,1,0.0275445029883187,1
