"crc_pvalue","crc_BH","adn_pvalue","adn_BH"
0.068475520252157,0.273902081008628,0.370454601038594,1
0.0138523745961037,0.0554094983844147,0.158852937890953,0.635411751563811
0.00456686152821086,0.0182674461128434,1,1
0.003839800132425,0.0153592005297,0.235885210588053,0.943540842352211
