"","crc_pvalue","adn_pvalue","crc_BH","adn_BH"
"porp",0.003839800132425,0.235885210588053,0.00913372305642172,0.471770421176105
"fn",0.0684073174600729,0.370454601038594,0.0684073174600729,0.493939468051459
"parv",0.0138523745961037,0.158852937890953,0.0184698327948049,0.471770421176105
"pept",0.00456686152821086,1,0.00913372305642172,1
