"","crc_pvalue","adn_pvalue","crc_BH","adn_BH"
"porp",0.00588927004181748,0.308760313527533,0.011778540083635,0.494791159363597
"fn",0.00557188880989359,0.0579072654172973,0.011778540083635,0.231629061669189
"parv",0.0355223366234146,1,0.0355223366234146,1
"pept",0.013793700808621,0.371093369522698,0.0183916010781613,0.494791159363597
