"","pvalue","BH_adj_pvalue"
"all_sobs",0.254280946504742,0.353601140791997
"all_shannon",0.353601140791997,0.353601140791997
"all_evenness",0.325190889518002,0.353601140791997
"adn_sobs",0.719559771251625,0.719559771251625
"adn_shannon",0.61684943961518,0.719559771251625
"adn_evenness",0.448581835880759,0.719559771251625
"crc_sobs",0.157365173101425,0.157365173101425
"crc_shannon",0.0407472252845765,0.0611208379268647
"crc_evenness",0.023610919713974,0.0611208379268647
