"","pvalue","BH_adj_pvalue"
"lesion_sobs",0.429410573304349,0.655003119260073
"lesion_shannon",0.554984160096694,0.655003119260073
"lesion_evenness",0.141268109841695,0.423804329525084
"adn_sobs",0.690955795794253,0.690955795794253
"adn_shannon",0.496222641352688,0.655003119260073
"adn_evenness",0.537850716384128,0.655003119260073
"crc_sobs",0.582224994897843,0.655003119260073
"crc_shannon",0.0890290141105653,0.400630563497544
"crc_evenness",0.00729089975357057,0.0656180977821351
