"","AUC","ROC_cv","Sens_cv","Spec_cv"
"best",0.682306255835668,0.854268850380389,0.660851648351648,0.862
"middle",0.815126050420168,0.818975633981403,0.647335164835165,0.820038461538461
"worse",0.930905695611578,0.795457396449704,0.505879120879121,0.856315384615385
"full",0.812911909403138,NA,NA,NA
