"","AUC","ROC_cv","Sens_cv","Spec_cv"
"best",0.687058823529412,0.797126275510204,0.700934065934066,0.720107142857143
"middle",0.790588235294118,0.770622350863422,0.68543956043956,0.690642857142857
"worse",0.790882352941176,0.730186878597593,0.158461538461538,0.914964285714286
"full",0.766897526174372,NA,NA,NA
