"","AUC","ROC_cv","Sens_cv","Spec_cv"
"best",0.646358543417367,0.795150105663567,0.568983516483517,0.798115384615385
"middle",0.744397759103641,0.760868005071851,0.477664835164835,0.813146153846154
"worse",0.90359477124183,0.723091208791209,0.373241758241758,0.809546153846154
"full",0.763063112476232,NA,NA,NA
"full1",0.763063112476232,NA,NA,NA
"full2",0.763063112476232,NA,NA,NA
"full3",0.763063112476232,NA,NA,NA
