"","AUC","ROC_cv","sens_cv","spec_cv"
"best",0.682306256,0.85426885,0.660851648,0.862
"middle",0.81512605,0.818975634,0.647335165,0.820038462
"worse",0.930905696,0.795457396,0.505879121,0.856315385
"full",0.812911909403138,NA,NA,NA
