"","wfit","wofit"
"1",0.659736472621233,0.558193342120762
