"","F_model","R2","PERMANOVA"
"All",1.2379724806358,0.0277751001014604,0.085
"Adenoma",0.388168049878295,0.00482867142385244,0.997
"Carcinoma",2.28356918571147,0.0436766123904093,0.002
