"","F_model","R2","PERMANOVA"
"All",0.921198566989528,0.0208159148325057,0.643
"Adenoma",-0.157359848280519,-0.00197087481052103,1
"Carcinoma",2.21381802250374,0.0423990833527937,0.001
