"","F_model","R2","PERMANOVA"
"All",1.21250440741471,0.0272192525477095,0.09
"Adenoma",0.440636576258309,0.00547778579350976,0.999
"Carcinoma",1.96606325713645,0.0378336001210647,0.005
