"","adn_mean","adn_SD","adn_n","crc_mean","crc_SD","crc_n","Pvalue"
"thetayc",0.574378,0.231774220588486,41,0.752031692307692,0.163255812456836,26,0.00198050821849679
"fit",53.525,417.450994360186,41,-612,936.162250894576,26,2.15021553459489e-05
