"Pvalue","BH_correction"
0.000131690026269125,0.000263380052538249
0.135083840892548,0.180111787856731
3.75509262084961e-05,0.000150203704833985
0.932281494140625,0.932281494140625
