"","wfit","wofit"
"lesion",5.94635550622483e-05,0.000972772498483797
"adenoma_only",0.0972344948659156,0.120760149518901
"carcinoma_only",9.14931297302247e-06,0.00100483074798206
