"","Pvalue","BH_correction"
"lesion",2.84076557993282e-12,1.13630623197313e-11
"all_adenoma",5.62450761567375e-08,7.94728597005209e-08
"carcinoma_only",5.96046447753907e-08,7.94728597005209e-08
"SRN_only",0.000534856328211327,0.000534856328211327
