"","Pvalue","BH_correction"
"lesion",2.06836139584374e-11,8.27344558337496e-11
"all_adenoma",6.35655856403485e-07,8.47541141871314e-07
"carcinoma_only",2.98023223876954e-08,5.96046447753907e-08
"SRN_only",0.00014495849609375,0.00014495849609375
