"","Pvalue","BH_correction"
"lesion",2.77649604032918e-12,1.11059841613167e-11
"all_adenoma",1.81898940354586e-11,3.63797880709171e-11
"carcinoma_only",5.96046447753907e-08,7.94728597005209e-08
"SRN_only",7.62939453125e-06,7.62939453125e-06
