"","pvalue","bh"
"chemo_les",0.718275106435133,0.820885835925866
"chemo_red_les",0.632368512058904,0.820885835925866
"chemo_IF",8.80060884649587e-05,0.000704048707719669
"chemo_red_IF",0.0012671237179956,0.00506849487198239
"rad_les",0.430941303032264,0.689506084851622
"rad_red_les",0.980666928363097,0.980666928363097
"rad_IF",0.0234585166415006,0.062556044377335
"rad_red_IF",0.225645689015739,0.451291378031479
