"","pvalue","bh"
"chemo_les",0.134147927165931,0.184367613510543
"chemo_red_les",0.138275710132907,0.184367613510543
"chemo_IF",0.000318360718564524,0.0012734428742581
"chemo_red_IF",7.72246640665769e-05,0.000617797312532616
"rad_les",0.942045557395451,0.942045557395451
"rad_red_les",0.734414649756832,0.839331028293522
"rad_IF",0.00951383190146403,0.0253702184039041
"rad_red_IF",0.0282943147489572,0.0565886294979143
