"","AUC","ROC_cv","Sens_cv","Spec_cv"
"best",0.746265172735761,0.846851584953508,0.632032967032967,0.856353846153846
"worse",0.916666666666667,0.790759467455621,0.509478021978022,0.832561538461538
"full",0.829128272634196,NA,NA,NA
"full1",0.829128272634196,NA,NA,NA
