,AUC,ROC_cv,Sens_cv,Spec_cv
best,0.752352941,0.865642203,0.766043956,0.801488095
worse,0.922941176,0.810864731,0.664862637,0.778511905
full,0.841089132,NA,NA,NA
