"","middle","worse","full"
"best",1,0.000682606353814277,0.353110750868715
"middle",NA,0.0431197985889292,1
"worse",NA,NA,0.00120228032854397
"full",NA,NA,NA
