"","middle","worse","full"
"best",0.0698476431419174,0.000132322585063782,0.0330139855682224
"middle",NA,0.0295899665635528,0.964417983130537
"worse",NA,NA,0.000586379757524054
"full",NA,NA,NA
