"","middle","worse","full"
"best",0.176129132594615,0.178482474000942,0.200067487855813
"middle",NA,0.996711457910505,0.666615241941501
"worse",NA,NA,0.667747816990357
"full",NA,NA,NA
