"","best_vs_middle","best_vs_worse","middle_vs_worse"
"Pvalue",0.0698476431419174,0.000132322585063782,0.0295899665635528
"BH_adj",0.0698476431419174,0.000396967755191346,0.0443849498453293
