"","middle","worse","full"
"best",0.198996153586179,0.000113767725635713,0.0588517918114526
"middle",NA,0.00718663309815486,0.731991920869907
"worse",NA,NA,0.000200380054757329
"full",NA,NA,NA
