"","middle","worse","full"
"best",0.333801173569519,0.0663073977946676,0.268183875543332
"middle",NA,0.388177321321504,0.89296735799601
"worse",NA,NA,0.201281159757776
"full",NA,NA,NA
