"","middle","worse","full"
"best",0.419085858851504,0.000793935510382691,0.198083913409335
"middle",NA,0.177539799381317,1
"worse",NA,NA,0.00351827854514433
"full",NA,NA,NA
