"","mean_thetayc_change","mean_days","sd_thetayc_change","sd_days"
"adenoma",0.594137414634146,252.975609756098,0.23407954502444,41.326436941066
"carcinoma",0.784914076923077,350.846153846154,0.148449062068825,101.704549478454
