"average","std_dv","dis_group"
"0.693652777777778","0.0573174783707934","adn"
"0.55575","0.036731176035206","srn"
"0.898361111111111","0.0319108054962559","crc"
