"average","std_dv","dis_group"
"0.306347222222222","0.0573174783707935","adn"
"0.4905","0.0663134582680978","srn"
"0.898361111111111","0.0319108054962559","crc"
