"","surg_mean","no_surg_mean","surg_sd","no_surg_sd","pvalue","bh"
"sobs",113.751375,-35.3113636363636,138.939690455903,115.041348930998,0.00556347214959312,0.0333808328975587
"shannon",0.594107,-0.137688878787879,0.888088189976809,0.427296458877554,0.0450424180998824,0.131784005468216
"even",0.057576,-0.00877363636363637,0.120613569430878,0.0478016066478276,0.104303286784598,0.156454930176896
"dist",0.63997975,0.583024121212121,0.16790017868088,0.248338743809458,0.571768241269109,0.686121889522931
"red_adn",0.131125,0.01275,0.10119566443282,0.105928562220572,0.065892002734108,0.131784005468216
"red_srn",0.027875,0.0453,0.125785780197922,0.110307006641853,0.802502498330998,0.802502498330998
"prop_surg_adn_srn",NA,NA,NA,NA,1,NA
