"","surg_mean","no_surg_mean","surg_sd","no_surg_sd","pvalue","bh"
"sobs",113.751375,-35.3113636363636,138.939690455903,115.041348930998,0.00556347214959312,0.0333808328975587
"shannon",0.594107,-0.137688878787879,0.888088189976809,0.427296458877554,0.0450424180998824,0.135127254299647
"even",0.057576,-0.00877363636363637,0.120613569430878,0.0478016066478276,0.104303286784598,0.208606573569195
"dist",0.63997975,0.583024121212121,0.16790017868088,0.248338743809458,0.571768241269109,0.686121889522931
"red_adn",0.024125,0.0013611111111111,0.150717381766891,0.0728785866952208,0.902255639097744,0.902255639097744
"red_srn",-0.00874999999999999,0.0407,0.116672261770597,0.0759520055222846,0.469040247678019,0.686121889522931
