"","AUC","ROC_cv","Sens_cv","Spec_cv"
"best",0.495256166982922,0.620452768385461,0.649340659340659,0.52900641025641
"middle",0.536527514231499,0.55955911876585,0.617197802197802,0.486891025641026
"worse",0.620493358633776,0.495674661876585,0.571675824175824,0.414166666666667
