"","lesion_pvalue","crc_pvalue","adn_pvalue","lesion_BH","crc_BH","adn_BH"
"porp",0.416104266638363,0.131277875220015,0.807770254678895,0.499325119966036,0.225047786091455,0.881203914195159
"fn",0.00163634547426393,0.0118734386660867,0.162199234113151,0.00589658822772491,0.0237468773321733,0.243298851169726
"parv",0.00299795788095067,0.00196552940924164,1,0.0071950989142816,0.00589658822772491,1
"pept",0.000367390864941535,0.000706808696380851,0.268440955448086,0.00424085217828511,0.00424085217828511,0.357921273930781
