"Pvalue","BH_correction","model_type","comparison"
0.290223121643066,0.290223121643066,"adn_m","adenoma"
0.121266174275532,0.181899261413298,"srn_m","SRN"
0.00032070279121399,0.000962108373641969,"crc_m","carcinoma"
