"Pvalue","BH_correction","model_type","comparison"
0.987047795057722,0.987047795057722,"red_adn","adenoma"
0.158947874162562,0.238421811243842,"red_srn","SRN"
0.0052078167643339,0.0156234502930017,"red_crc","carcinoma"
