"","pvalue","BH_adj_pvalue"
"adn_sobs",0.261519908905029,0.294209897518158
"adn_shannon",0.222107410430908,0.294209897518158
"adn_evenness",0.234762191772461,0.294209897518158
"srn_sobs",0.123188018798828,0.221738433837891
"srn_shannon",0.0204124450683594,0.0774650573730469
"srn_evenness",0.0258216857910156,0.0774650573730469
"crc_sobs",0.582224994897843,0.582224994897843
"crc_shannon",0.0890290141105653,0.200315281748772
"crc_evenness",0.00729089975357057,0.0656180977821351
