"","F_model","R2","PERMANOVA"
"All",1.21250440741471,0.0272192525477095,0.09
"Adenoma",0.429210464478904,0.0101159191929398,0.999
"SRN",0.586455454966519,0.0160293050440039,0.945
"Carcinoma",1.96606325713645,0.0378336001210647,0.005
