"","adn_mean","adn_SD","adn_n","crc_mean","crc_SD","crc_n","Pvalue"
"thetayc",0.594137414634146,0.23407954502444,41,0.784914076923077,0.148449062068825,26,0.000471983824107057
"fit",53.525,417.450994360186,41,-612,936.162250894576,26,2.15021553459489e-05
