"","chemo_mean","chemo_rad_mean","removal_only_mean","c_sd","cr_sd","ro_sd","pvalue","bh"
"sobs",-0.106666666666683,-14.2212,-32.9885833333333,116.126263838117,93.5839301102445,111.187464351026,0.664425907063015,0.915077572376611
"shannon",0.260628333333333,0.1665528,0.2557225,0.668329683933012,0.546202910314961,0.728021199192029,0.915077572376611,0.915077572376611
"even",0.0414914444444444,0.0311647999999999,0.0602158333333333,0.0914630751848951,0.0770043724878481,0.102142705386171,0.861075878952661,0.915077572376611
"dist",0.868705,0.8013832,0.71520875,0.115905969876448,0.105509573193621,0.164572734720783,0.106384726813941,0.374774762856367
"red_crc",0.219944444444444,0.0419,0.105416666666667,0.189054298490613,0.189189813981318,0.123709673564088,0.149909905142547,0.374774762856367
