"","AUC","ROC_cv","Sens_cv","Spec_cv"
"best",0.759803921568627,0.904687009419152,0.98521978021978,0.42375
"worse",0.970588235294118,0.840587225274725,0.987994505494506,0.374821428571429
"full",0.87512370113805,NA,NA,NA
"full1",0.87512370113805,NA,NA,NA
"full2",0.87512370113805,NA,NA,NA
"full3",0.87512370113805,NA,NA,NA
"full4",0.87512370113805,NA,NA,NA
