"","AUC","ROC_cv","Sens_cv","Spec_cv"
"best",0.574346405228758,0.817407770800628,0.949093406593407,0.489553571428571
"middle",0.769607843137255,0.767780612244898,0.987335164835165,0.260714285714286
"worse",0.916666666666667,0.713897664835165,0.98760989010989,0.333125
