,AUC,ROC_cv,Sens_cv,Spec_cv
best,0.759803922,0.904687009,0.98521978,0.42375
worse,0.970588235,0.840587225,0.987994505,0.374821429
full,0.875123701,NA,NA,NA
