"pvalue","bh","test"
0.0047289220599092,0.0283735323594552,"ivf_noinc_oralpath"
0.855132140584706,0.855132140584706,"ivf_yesinc_oralpath"
0.0758514404296875,0.227554321289062,"ivf_noinc_crcassoc"
0.15625,0.3125,"ivf_noinc_crcassoc"
0.368276596069336,0.525,"ivf_noinc_normassoc"
0.4375,0.525,"ivf_noinc_normassoc"
