"probs_increase","sampleType","residents_median","oral_path_median","residents_IQR","oral_path_IQR"
"No","followup",38.6546763696523,0,17.0975341688254,0.00714847533964253
"No","initial",39.2644633802649,0.0152598513940488,19.3392366358482,0.379949628665237
"Yes","followup",48.3492595613354,0,13.2083115166337,0
"Yes","initial",57.6348481988874,0.0139906070166612,8.53148438894753,0.0146889449240688
