"average","std_dv","dis_group"
"0.526708333333333","0.052019126154795","adn"
"0.485625","0.0698206351006533","SRN"
"0.576875","0.04209625856709","CRC"
