"average","std_dv","dis_group"
"0.538902777777778","0.127575184480217","adn"
"0.514875","0.141060367029384","SRN"
"0.550833333333333","0.127904435103974","CRC"
