"average","std_dv","dis_group"
"0.608388888888889","0.0770925705529926","adn"
"0.615625","0.0854536135909862","SRN"
"0.594805555555555","0.0736952698506078","CRC"
