"","AUC","ROC_cv","Sens_cv","Spec_cv"
"best",0.598856209150327,0.666458742150706,0.969835164835165,0.0317857142857143
"middle",0.581699346405229,0.599505003924647,1,0.000625
"worse",0.666666666666667,0.531657182103611,1,0
