"Surgery","median_value","q25","q75","dx"
"N",0.5263995,0.42370575,0.68625825,"adenoma"
"Y",0.7296405,0.61643325,0.81672525,"adenoma"
"N",0.750346,0.5407765,0.896205,"adv_adenoma"
"Y",0.6266665,0.54404075,0.65906725,"adv_adenoma"
