"pvalues","BH","comparison"
0.298485677796023,0.342857142857143,"adnVcrc"
0.0314541142127349,0.0943623426382047,"srnVcrc"
0.342857142857143,0.342857142857143,"adnVsrn"
