"pvalues","BH"
0.0981544771018455,0.196308954203691
0.596491228070175,0.596491228070175
