"comparison","pvalue","bh"
"adnVsrn",0.854733502661299,0.854733502661299
"adnVcrc",0.000929568261155702,0.00139435239173355
"srnVcrc",0.000727962787651131,0.00139435239173355
