"","mean_thetayc_change","mean_days","sd_thetayc_change","sd_days"
"adenoma",0.548243954545454,255.409090909091,0.210317115461725,42.1207550817647
"srn",0.647277210526316,250.157894736842,0.254169752177682,41.3498127872891
"carcinoma",0.784914076923077,350.846153846154,0.148449062068825,101.704549478454
