"pvalue","study"
"6.32916064061339e-16","adn"
"1.98626195225881e-09","srn"
"1.23498151280741e-73","crc"
