"pvalue","study"
"1.37166264452933e-71","adn"
"0.613234756377161","srn"
"4.41873800600589e-124","crc"
