"pvalue","study"
"1.04269180080839e-34","adn"
"0.120110225134578","srn"
"1.13761682520745e-49","crc"
